Park;Area;Consumption
Oriental;15;34.57180279986842
Cidade;69,9;116.24058906230263
SaoRoque;5,8;15.767447117284595
Covelo;7,7;16.049206963923424
ArcaAgua;2,6;8.99599282623465
Avioso;30;34.43073308506579
Biologico;35;35.612121678903506
PalacioCristal;9,6;30.70872532997389
Varas;1,7;5.2935938062280705
